{
  "properties": {
    "connectionReferences": {
      "shared_todo": {
        "runtimeSource": "invoker",
        "connection": {
          "connectionReferenceLogicalName": "downardo_MicrosoftToDoBusiness"
        },
        "api": {
          "name": "shared_todo"
        }
      }
    },
    "definition": {
      "$schema": "https://schema.management.azure.com/providers/Microsoft.Logic/schemas/2016-06-01/workflowdefinition.json#",
      "contentVersion": "1.0.0.0",
      "parameters": {
        "$connections": {
          "defaultValue": {},
          "type": "Object"
        },
        "$authentication": {
          "defaultValue": {},
          "type": "SecureObject"
        }
      },
      "triggers": {
        "manual": {
          "metadata": {
            "operationMetadataId": "73efa8ff-470c-41e0-8ef7-9092ad8f0c5a"
          },
          "type": "Request",
          "kind": "PowerAppV2",
          "inputs": {
            "schema": {
              "type": "object",
              "properties": {},
              "required": []
            }
          }
        }
      },
      "actions": {
        "List_all_to-do_lists_(V2)": {
          "runAfter": {},
          "metadata": {
            "operationMetadataId": "7f5b2cf6-610b-461f-ac10-0eb561765c57"
          },
          "type": "OpenApiConnection",
          "inputs": {
            "host": {
              "connectionName": "shared_todo",
              "operationId": "GetAllTodoListsV2",
              "apiId": "/providers/Microsoft.PowerApps/apis/shared_todo"
            },
            "parameters": {},
            "authentication": "@parameters('$authentication')"
          }
        },
        "Apply_to_each": {
          "foreach": "@body('List_all_to-do_lists_(V2)')",
          "actions": {
            "Condition": {
              "actions": {
                "List_to-do's_by_folder_(V2)": {
                  "runAfter": {},
                  "metadata": {
                    "operationMetadataId": "9b4cad9e-5c7e-4d1e-a8e8-36c22f4b05e2"
                  },
                  "type": "OpenApiConnection",
                  "inputs": {
                    "host": {
                      "connectionName": "shared_todo",
                      "operationId": "ListToDosByFolderV2",
                      "apiId": "/providers/Microsoft.PowerApps/apis/shared_todo"
                    },
                    "parameters": {
                      "folderId": "@item()?['id']",
                      "$top": 999
                    },
                    "authentication": "@parameters('$authentication')"
                  }
                },
                "Apply_to_each_3": {
                  "foreach": "@body('List_to-do''s_by_folder_(V2)')",
                  "actions": {
                    "Condition_2": {
                      "actions": {
                        "Delete_to-do_(V2)": {
                          "runAfter": {},
                          "metadata": {
                            "operationMetadataId": "d294d977-811d-4ec3-b88b-662acd4be4e3"
                          },
                          "type": "OpenApiConnection",
                          "inputs": {
                            "host": {
                              "connectionName": "shared_todo",
                              "operationId": "DeleteToDoV2",
                              "apiId": "/providers/Microsoft.PowerApps/apis/shared_todo"
                            },
                            "parameters": {
                              "folderId": "@item()?['id']",
                              "id": "@item()?['id']"
                            },
                            "authentication": "@parameters('$authentication')"
                          }
                        }
                      },
                      "runAfter": {},
                      "expression": {
                        "and": [
                          {
                            "equals": [
                              "@item()?['status']",
                              "completed"
                            ]
                          },
                          {
                            "less": [
                              "@item()?['completedDateTime/dateTime']",
                              "@body('Get_past_time')"
                            ]
                          }
                        ]
                      },
                      "metadata": {
                        "operationMetadataId": "ee577b3d-961a-4085-a3c8-beb7b8204959"
                      },
                      "type": "If"
                    }
                  },
                  "runAfter": {
                    "List_to-do's_by_folder_(V2)": [
                      "Succeeded"
                    ]
                  },
                  "metadata": {
                    "operationMetadataId": "4e3fcbc4-90a6-485a-a843-7360e7a5c674"
                  },
                  "type": "Foreach"
                }
              },
              "runAfter": {},
              "expression": {
                "or": [
                  {
                    "equals": [
                      "@item()?['wellknownListName']",
                      "flaggedEmails"
                    ]
                  },
                  {
                    "equals": [
                      "@item()?['wellknownListName']",
                      "defaultList"
                    ]
                  }
                ]
              },
              "metadata": {
                "operationMetadataId": "5192eaf9-0369-4e23-a0b4-3a297d20df31"
              },
              "type": "If"
            }
          },
          "runAfter": {
            "Get_past_time": [
              "Succeeded"
            ]
          },
          "metadata": {
            "operationMetadataId": "6aeea62a-3087-46de-9e12-37ad2e0cfdaa"
          },
          "type": "Foreach"
        },
        "Get_past_time": {
          "runAfter": {
            "List_all_to-do_lists_(V2)": [
              "Succeeded"
            ]
          },
          "metadata": {
            "operationMetadataId": "12802d2a-576d-4179-b8a9-44125648bb41"
          },
          "type": "Expression",
          "kind": "GetPastTime",
          "inputs": {
            "interval": 5,
            "timeUnit": "Day"
          }
        }
      }
    },
    "templateName": ""
  },
  "schemaVersion": "1.0.0.0"
}