{
  "properties": {
    "connectionReferences": {
      "shared_office365": {
        "runtimeSource": "invoker",
        "connection": {
          "connectionReferenceLogicalName": "downardo_sharedoffice365_22c3b"
        },
        "api": {
          "name": "shared_office365"
        }
      }
    },
    "definition": {
      "$schema": "https://schema.management.azure.com/providers/Microsoft.Logic/schemas/2016-06-01/workflowdefinition.json#",
      "contentVersion": "1.0.0.0",
      "parameters": {
        "$connections": {
          "defaultValue": {},
          "type": "Object"
        },
        "$authentication": {
          "defaultValue": {},
          "type": "SecureObject"
        }
      },
      "triggers": {
        "manual": {
          "metadata": {
            "operationMetadataId": "01ad5616-0762-47de-b280-fdc1f017edc3"
          },
          "type": "Request",
          "kind": "PowerAppV2",
          "inputs": {
            "schema": {
              "type": "object",
              "properties": {},
              "required": []
            }
          }
        }
      },
      "actions": {
        "Get_events_(V4)": {
          "runAfter": {},
          "metadata": {
            "operationMetadataId": "ac909954-44eb-49a9-adfe-d7cec52c8a15"
          },
          "type": "OpenApiConnection",
          "inputs": {
            "host": {
              "connectionName": "shared_office365",
              "operationId": "V4CalendarGetItems",
              "apiId": "/providers/Microsoft.PowerApps/apis/shared_office365"
            },
            "parameters": {
              "table": "AAMkAGJmOWFiMTA2LTZiZjMtNGRkNC05NzZlLTIzZDAxMWM0ZTFjZQBGAAAAAACvrUfCrZVOQI_CKBQIuzi-BwCJoI-2puDyQ6nB26JuPVloAAAAAAEGAACJoI-2puDyQ6nB26JuPVloAAAAAEZQAAA=",
              "$filter": "Subject eq 'Focus time'",
              "$top": 1
            },
            "authentication": "@parameters('$authentication')"
          }
        },
        "Current_time": {
          "runAfter": {
            "Get_events_(V4)": [
              "Succeeded"
            ]
          },
          "metadata": {
            "operationMetadataId": "f17e4725-492f-4ce9-956d-f0a780d4a915"
          },
          "type": "Expression",
          "kind": "CurrentTime",
          "inputs": {}
        },
        "Get_future_time": {
          "runAfter": {
            "Current_time": [
              "Succeeded"
            ]
          },
          "metadata": {
            "operationMetadataId": "4ca9455e-d998-4d4a-a220-56e97582a7af"
          },
          "type": "Expression",
          "kind": "GetFutureTime",
          "inputs": {
            "interval": 25,
            "timeUnit": "Minute"
          }
        },
        "Condition": {
          "actions": {
            "Apply_to_each_2": {
              "foreach": "@body('Get_events_(V4)')?['value']",
              "actions": {
                "Update_event_(V4)_2": {
                  "runAfter": {},
                  "metadata": {
                    "flowSystemMetadata": {
                      "swaggerOperationId": "V4CalendarPatchItem"
                    },
                    "operationMetadataId": "9364e86f-e095-449d-8138-2129251c422f"
                  },
                  "type": "ApiConnection",
                  "inputs": {
                    "host": {
                      "connection": {
                        "name": "@parameters('$connections')['shared_office365']['connectionId']"
                      }
                    },
                    "method": "patch",
                    "body": {
                      "subject": "@items('Apply_to_each_2')?['subject']",
                      "start": "@body('Current_time')",
                      "end": "@body('Get_future_time')",
                      "timeZone": "(UTC+01:00) Amsterdam, Berlin, Bern, Rome, Stockholm, Vienna"
                    },
                    "path": "/datasets/calendars/v4/tables/@{encodeURIComponent(encodeURIComponent('AAMkAGJmOWFiMTA2LTZiZjMtNGRkNC05NzZlLTIzZDAxMWM0ZTFjZQBGAAAAAACvrUfCrZVOQI_CKBQIuzi-BwCJoI-2puDyQ6nB26JuPVloAAAAAAEGAACJoI-2puDyQ6nB26JuPVloAAAAAEZQAAA='))}/items/@{encodeURIComponent(encodeURIComponent(items('Apply_to_each_2')?['id']))}",
                    "authentication": "@parameters('$authentication')"
                  }
                }
              },
              "runAfter": {},
              "metadata": {
                "operationMetadataId": "64fa517f-ad2c-471b-a82d-d451b63d9e64"
              },
              "type": "Foreach"
            }
          },
          "runAfter": {
            "Get_future_time": [
              "Succeeded"
            ]
          },
          "else": {
            "actions": {
              "Create_event_(V4)": {
                "runAfter": {},
                "metadata": {
                  "operationMetadataId": "55748985-79e4-46e2-a5b2-1f7c58c40ec5",
                  "flowSystemMetadata": {
                    "swaggerOperationId": "V4CalendarPostItem"
                  }
                },
                "type": "ApiConnection",
                "inputs": {
                  "host": {
                    "connection": {
                      "name": "@parameters('$connections')['shared_office365']['connectionId']"
                    }
                  },
                  "method": "post",
                  "body": {
                    "subject": "Focus time",
                    "start": "@body('Current_time')",
                    "end": "@body('Get_future_time')",
                    "timeZone": "(UTC+01:00) Amsterdam, Berlin, Bern, Rome, Stockholm, Vienna"
                  },
                  "path": "/datasets/calendars/v4/tables/@{encodeURIComponent(encodeURIComponent('AAMkAGJmOWFiMTA2LTZiZjMtNGRkNC05NzZlLTIzZDAxMWM0ZTFjZQBGAAAAAACvrUfCrZVOQI_CKBQIuzi-BwCJoI-2puDyQ6nB26JuPVloAAAAAAEGAACJoI-2puDyQ6nB26JuPVloAAAAAEZQAAA='))}/items",
                  "authentication": "@parameters('$authentication')"
                }
              }
            }
          },
          "expression": {
            "greaterOrEquals": [
              "@length(outputs('Get_events_(V4)')?['body/value'])",
              1
            ]
          },
          "metadata": {
            "operationMetadataId": "529d0b94-2c55-4aca-bbab-874fe997ced8"
          },
          "type": "If"
        }
      }
    },
    "templateName": ""
  },
  "schemaVersion": "1.0.0.0"
}