{"schemaVersion":"1.0","appDefinitionTemplate":{"id":"/providers/Microsoft.PowerApps/apps/","type":"Microsoft.PowerApps/apps","tags":{"minimumRequiredApiVersion":"2.2.0","sienaVersion":"20231021T182322Z-3.23102.16.0","primaryDeviceWidth":"1366","primaryDeviceHeight":"768","deviceCapabilities":"","supportsPortrait":"false","supportsLandscape":"true","primaryFormFactor":"Tablet","publisherVersion":"3.23102.16","hasComponent":"false","hasUnlockedComponent":"false","isUnifiedRootApp":"false","showStatusBar":"false"},"properties":{"appVersion":"2023-10-21T18:23:22Z","lifeCycleId":"Published","createdByClientVersion":{"major":3,"minor":23102,"build":16,"revision":0,"majorRevision":0,"minorRevision":0},"minClientVersion":{"major":3,"minor":23102,"build":16,"revision":0,"majorRevision":0,"minorRevision":0},"backgroundColor":"rgba(0, 176, 240, 1)","backgroundImageUri":"/14159721013021313517/Na8b559c9-31fc-41cb-baa7-485635bcc025-logoSmallFile","displayName":"My Day Today","description":"","commitMessage":"","appUris":{"documentUri":{"value":"/14159721013021313517/Nc6d84dbb-7fc4-4b97-aef3-d2636a823ce0-document.msapp"},"imageUris":[],"additionalUris":[]},"createdTime":"0001-01-01T00:00:00Z","lastModifiedTime":"0001-01-01T00:00:00Z","sharedGroupsCount":0,"sharedUsersCount":0,"connectionReferences":{"7e0456f3-4d0a-4109-a213-a36b81eedb19":{"id":"810abcc5-c887-49a6-9f2a-77287d1995d3","displayName":"Office 365 Outlook","iconUri":"https://connectoricons-prod.azureedge.net/releases/v1.0.1659/1.0.1659.3460/office365/icon.png","dataSources":["Office365"],"dependencies":[],"dependents":[],"parameterHints":{},"parameterHintsV2":{},"isOnPremiseConnection":false,"bypassConsent":false,"dataSets":{},"apiTier":"Standard","isCustomApiConnection":false,"actions":["CalendarGetTables","GetEventsCalendarViewV2"]},"e3995831-d68c-40e4-88a3-3bb534077dcb":{"id":"669242df-fc87-4c26-9faf-8d6bfbddb6de","displayName":"Outlook Tasks","iconUri":"https://connectoricons-prod.azureedge.net/releases/v1.0.1627/1.0.1627.3238/outlooktasks/icon.png","dataSources":["OutlookTasks"],"dependencies":[],"dependents":[],"parameterHints":{},"parameterHintsV2":{},"isOnPremiseConnection":false,"bypassConsent":false,"dataSets":{},"apiTier":"Standard","isCustomApiConnection":false},"4fd13709-5953-4430-a0f3-7d3d5b7a6cfc":{"id":"4bf68836-2219-41e0-96b4-a51183849386","displayName":"RSS","iconUri":"https://connectoricons-prod.azureedge.net/u/henryorsborn/partial-builds/asev3migrations-with-resourceTemplate/1.0.1653.3414/rss/icon.png","dataSources":["RSS"],"dependencies":[],"dependents":[],"parameterHints":{},"parameterHintsV2":{},"isOnPremiseConnection":false,"bypassConsent":false,"dataSets":{},"apiTier":"Standard","isCustomApiConnection":false,"actions":["ListFeedItems"]},"bd22dd39-37d3-4b35-a2e5-c54d395428e3":{"id":"c524e652-3b73-4c98-a03f-d1046fc9885b","displayName":"Logic flows","iconUri":"https://connectoricons-prod.azureedge.net/releases/v1.0.1664/1.0.1664.3477/logicflows/icon.png","dataSources":["CancelFocusTimeCalendarEventV2"],"dependencies":["287cf75c-85df-4119-b6f8-7e2fa9008688"],"dependents":[],"parameterHints":{"workflowName":{"value":"20bad3f2-68df-40d5-a1b2-d645b5ca714e"},"workflowEntityId":{"value":"1937c565-1b70-ee11-9ae7-000d3adf62fb"},"287cf75c-85df-4119-b6f8-7e2fa9008688":{"value":"shared_office365_1"}},"parameterHintsV2":{"workflowName":{"value":"20bad3f2-68df-40d5-a1b2-d645b5ca714e"},"workflowEntityId":{"value":"1937c565-1b70-ee11-9ae7-000d3adf62fb"},"shared_office365_1":{"value":"287cf75c-85df-4119-b6f8-7e2fa9008688"}},"isOnPremiseConnection":false,"bypassConsent":false,"dataSets":{},"apiTier":"Standard","isCustomApiConnection":false,"actions":["Run"],"nestedActions":[{"id":"/providers/Microsoft.PowerApps/apis/shared_office365/apiOperations/V4CalendarGetItems","apiName":"Office 365 Outlook","actionName":"V4CalendarGetItems","referencedResources":[]},{"id":"/providers/Microsoft.PowerApps/apis/shared_office365/apiOperations/CalendarDeleteItem_V2","apiName":"Office 365 Outlook","actionName":"CalendarDeleteItem_V2","referencedResources":[]}]},"287cf75c-85df-4119-b6f8-7e2fa9008688":{"id":"810abcc5-c887-49a6-9f2a-77287d1995d3","displayName":"Office 365 Outlook","iconUri":"https://connectoricons-prod.azureedge.net/releases/v1.0.1659/1.0.1659.3460/office365/icon.png","dataSources":[],"dependencies":[],"dependents":["bd22dd39-37d3-4b35-a2e5-c54d395428e3","715fb7b6-0739-42e5-b9dc-a6f625629a5e"],"parameterHints":{},"parameterHintsV2":{},"isOnPremiseConnection":false,"bypassConsent":false,"dataSets":{},"apiTier":"Standard","isCustomApiConnection":false},"715fb7b6-0739-42e5-b9dc-a6f625629a5e":{"id":"c524e652-3b73-4c98-a03f-d1046fc9885b","displayName":"Logic flows","iconUri":"https://connectoricons-prod.azureedge.net/releases/v1.0.1664/1.0.1664.3477/logicflows/icon.png","dataSources":["RescheduleFocusTimeCalendarEventV2"],"dependencies":["287cf75c-85df-4119-b6f8-7e2fa9008688"],"dependents":[],"parameterHints":{"workflowName":{"value":"ac3c9a39-3573-4c03-990e-2efe49bf0402"},"workflowEntityId":{"value":"e0dce4af-1d70-ee11-9ae7-000d3adf62fb"},"287cf75c-85df-4119-b6f8-7e2fa9008688":{"value":"shared_office365"}},"parameterHintsV2":{"workflowName":{"value":"ac3c9a39-3573-4c03-990e-2efe49bf0402"},"workflowEntityId":{"value":"e0dce4af-1d70-ee11-9ae7-000d3adf62fb"},"shared_office365":{"value":"287cf75c-85df-4119-b6f8-7e2fa9008688"}},"isOnPremiseConnection":false,"bypassConsent":false,"dataSets":{},"apiTier":"Standard","isCustomApiConnection":false,"actions":["Run"],"nestedActions":[{"id":"/providers/Microsoft.PowerApps/apis/shared_office365/apiOperations/V4CalendarGetItems","apiName":"Office 365 Outlook","actionName":"V4CalendarGetItems","referencedResources":[]}]},"e05318b8-2cd2-4fb9-a7eb-1247c079ca79":{"id":"331b984f-d760-43e9-b294-8b329f2de313","displayName":"Microsoft To-Do (Business)","iconUri":"https://connectoricons-prod.azureedge.net/releases/v1.0.1646/1.0.1646.3354/todo/icon.png","dataSources":["MicrosoftTo-Do(Business)"],"dependencies":[],"dependents":["8da14e42-312b-4a1e-917f-392a750d6c05"],"parameterHints":{},"parameterHintsV2":{},"isOnPremiseConnection":false,"bypassConsent":false,"dataSets":{},"apiTier":"Standard","isCustomApiConnection":false,"actions":["GetAllTodoListsV2","ListToDosByFolderV2","UpdateToDoV2"]},"8da14e42-312b-4a1e-917f-392a750d6c05":{"id":"c524e652-3b73-4c98-a03f-d1046fc9885b","displayName":"Logic flows","iconUri":"https://connectoricons-prod.azureedge.net/releases/v1.0.1664/1.0.1664.3477/logicflows/icon.png","dataSources":["ReorganizeToDoTasksEvent"],"dependencies":["e05318b8-2cd2-4fb9-a7eb-1247c079ca79"],"dependents":[],"parameterHints":{"workflowName":{"value":"4404df59-a011-4ea5-8522-399b7c538471"},"workflowEntityId":{"value":"716c7412-3e70-ee11-9ae7-000d3adf62fb"},"e05318b8-2cd2-4fb9-a7eb-1247c079ca79":{"value":"shared_todo"}},"parameterHintsV2":{"workflowName":{"value":"4404df59-a011-4ea5-8522-399b7c538471"},"workflowEntityId":{"value":"716c7412-3e70-ee11-9ae7-000d3adf62fb"},"shared_todo":{"value":"e05318b8-2cd2-4fb9-a7eb-1247c079ca79"}},"isOnPremiseConnection":false,"bypassConsent":false,"dataSets":{},"apiTier":"Standard","isCustomApiConnection":false,"actions":["Run"],"nestedActions":[{"id":"/providers/Microsoft.PowerApps/apis/shared_todo/apiOperations/GetAllTodoListsV2","apiName":"Microsoft To-Do (Business)","actionName":"GetAllTodoListsV2","referencedResources":[]},{"id":"/providers/Microsoft.PowerApps/apis/shared_todo/apiOperations/ListToDosByFolderV2","apiName":"Microsoft To-Do (Business)","actionName":"ListToDosByFolderV2","referencedResources":[]},{"id":"/providers/Microsoft.PowerApps/apis/shared_todo/apiOperations/DeleteToDoV2","apiName":"Microsoft To-Do (Business)","actionName":"DeleteToDoV2","referencedResources":[]}]}},"databaseReferences":{},"almMode":"Solution","performanceOptimizationEnabled":false,"canConsumeAppPass":true,"enableModernRuntimeMode":false,"executionRestrictions":{"isTeamsOnly":false,"dataLossPreventionEvaluationResult":{"status":"Compliant","lastEvaluationDate":"2023-10-21T18:23:45.0142994Z","violations":[],"violationsByPolicy":[],"violationErrorMessage":"The app uses the following connectors: shared_office365, shared_outlooktasks, shared_rss, shared_logicflows, shared_todo."},"httpActionRestriction":{"appUsesSharepointHttpAction":false,"enforcementStrategy":"Legacy","evaluationTime":"2023-10-21T18:23:45.0142027Z"}}},"appType":"ClassicCanvasApp","appComponents":[]}}