{"name":"28785fa6-7b0e-d4ba-f601-711b555bd361","id":"/providers/Microsoft.Flow/flows/28785fa6-7b0e-d4ba-f601-711b555bd361","type":"Microsoft.Flow/flows","properties":{"apiId":"/providers/Microsoft.PowerApps/apis/shared_logicflows","displayName":"CancelFocusTimeCalendarEventV2","definition":{"metadata":{"workflowEntityId":"1937c565-1b70-ee11-9ae7-000d3adf62fb","processAdvisorMetadata":null,"flowChargedByPaygo":null,"flowclientsuspensionreason":"None","flowclientsuspensiontime":null,"flowclientsuspensionreasondetails":null,"creator":{"id":"b41abc68-dbb0-4e92-916f-05c1bf974b60","type":"User","tenantId":"ae8e73e2-f0ab-4707-8cbc-4e2ed700c534"},"provisioningMethod":"FromDefinition","failureAlertSubscription":true,"clientLastModifiedTime":"2023-10-21T14:39:25.9112038Z"},"$schema":"https://schema.management.azure.com/providers/Microsoft.Logic/schemas/2016-06-01/workflowdefinition.json#","contentVersion":"1.0.0.0","parameters":{"$connections":{"defaultValue":{},"type":"Object"},"$authentication":{"defaultValue":{},"type":"SecureObject"}},"triggers":{"manual":{"metadata":{"operationMetadataId":"f3ba5382-3329-44be-b2d7-3ecbd8fb1953"},"type":"Request","kind":"PowerAppV2","inputs":{"schema":{"type":"object","properties":{},"required":[]}}}},"actions":{"Get_past_time":{"runAfter":{},"metadata":{"operationMetadataId":"ea70dabd-3987-4faa-8b4c-aa7dba29893b"},"type":"Expression","kind":"GetPastTime","inputs":{"interval":25,"timeUnit":"Minute"}},"Get_future_time":{"runAfter":{"Get_past_time":["Succeeded"]},"metadata":{"operationMetadataId":"5c5815d5-1490-4ce3-a8cc-67acdbc53b8e"},"type":"Expression","kind":"GetFutureTime","inputs":{"interval":25,"timeUnit":"Minute"}},"Get_events_(V4)":{"runAfter":{"Get_future_time":["Succeeded"]},"metadata":{"operationMetadataId":"1e229b49-4baa-4620-8761-28b7c1efbeb5"},"type":"OpenApiConnection","inputs":{"host":{"apiId":"/providers/Microsoft.PowerApps/apis/shared_office365","connectionName":"shared_office365_1","operationId":"V4CalendarGetItems"},"parameters":{"table":"AAMkAGJmOWFiMTA2LTZiZjMtNGRkNC05NzZlLTIzZDAxMWM0ZTFjZQBGAAAAAACvrUfCrZVOQI_CKBQIuzi-BwCJoI-2puDyQ6nB26JuPVloAAAAAAEGAACJoI-2puDyQ6nB26JuPVloAAAAAEZQAAA=","$filter":"Subject eq 'Focus time'"},"authentication":{"value":"@json(decodeBase64(triggerOutputs().headers['X-MS-APIM-Tokens']))['$ConnectionKey']","type":"Raw"}}},"Apply_to_each":{"foreach":"@outputs('Get_events_(V4)')?['body/value']","actions":{"Condition":{"actions":{"Delete_event_(V2)":{"runAfter":{},"metadata":{"operationMetadataId":"d60b3042-9744-44bb-af55-49fd9a48eef8"},"type":"OpenApiConnection","inputs":{"host":{"apiId":"/providers/Microsoft.PowerApps/apis/shared_office365","connectionName":"shared_office365_1","operationId":"CalendarDeleteItem_V2"},"parameters":{"calendar":"AAMkAGJmOWFiMTA2LTZiZjMtNGRkNC05NzZlLTIzZDAxMWM0ZTFjZQBGAAAAAACvrUfCrZVOQI_CKBQIuzi-BwCJoI-2puDyQ6nB26JuPVloAAAAAAEGAACJoI-2puDyQ6nB26JuPVloAAAAAEZQAAA=","event":"@items('Apply_to_each')?['id']"},"authentication":{"value":"@json(decodeBase64(triggerOutputs().headers['X-MS-APIM-Tokens']))['$ConnectionKey']","type":"Raw"}}}},"runAfter":{},"expression":{"and":[{"greater":["@items('Apply_to_each')?['start']","@body('Get_past_time')"]},{"less":["@items('Apply_to_each')?['end']","@body('Get_future_time')"]}]},"metadata":{"operationMetadataId":"d668a870-61c3-4450-bb41-20f9f8e5f9ab"},"type":"If"}},"runAfter":{"Get_events_(V4)":["Succeeded"]},"metadata":{"operationMetadataId":"3def590c-9075-4009-b0a3-20c2ef2a1c32"},"type":"Foreach","runtimeConfiguration":{"concurrency":{"repetitions":50}}}}},"connectionReferences":{"shared_office365_1":{"connectionName":"shared-office365-0875c969-7348-4dfa-8fc3-305a938a3701","source":"Invoker","id":"/providers/Microsoft.PowerApps/apis/shared_office365","tier":"NotSpecified"}},"flowFailureAlertSubscribed":false,"isManaged":false}}