{"name":"29389b6e-2b56-b194-4e5c-1655bf5f1ee2","id":"/providers/Microsoft.Flow/flows/29389b6e-2b56-b194-4e5c-1655bf5f1ee2","type":"Microsoft.Flow/flows","properties":{"apiId":"/providers/Microsoft.PowerApps/apis/shared_logicflows","displayName":"ReorganizeToDoTasksEvent","definition":{"metadata":{"workflowEntityId":"716c7412-3e70-ee11-9ae7-000d3adf62fb","processAdvisorMetadata":null,"flowChargedByPaygo":null,"flowclientsuspensionreason":"None","flowclientsuspensiontime":null,"flowclientsuspensionreasondetails":null,"creator":{"id":"b41abc68-dbb0-4e92-916f-05c1bf974b60","type":"User","tenantId":"ae8e73e2-f0ab-4707-8cbc-4e2ed700c534"},"provisioningMethod":"FromDefinition","failureAlertSubscription":true,"clientLastModifiedTime":"2023-10-21T18:30:29.3756252Z"},"$schema":"https://schema.management.azure.com/providers/Microsoft.Logic/schemas/2016-06-01/workflowdefinition.json#","contentVersion":"1.0.0.0","parameters":{"$connections":{"defaultValue":{},"type":"Object"},"$authentication":{"defaultValue":{},"type":"SecureObject"}},"triggers":{"manual":{"metadata":{"operationMetadataId":"73efa8ff-470c-41e0-8ef7-9092ad8f0c5a"},"type":"Request","kind":"PowerAppV2","inputs":{"schema":{"type":"object","properties":{},"required":[]}}}},"actions":{"List_all_to-do_lists_(V2)":{"runAfter":{},"metadata":{"operationMetadataId":"7f5b2cf6-610b-461f-ac10-0eb561765c57"},"type":"OpenApiConnection","inputs":{"host":{"apiId":"/providers/Microsoft.PowerApps/apis/shared_todo","connectionName":"shared_todo","operationId":"GetAllTodoListsV2"},"parameters":{},"authentication":{"value":"@json(decodeBase64(triggerOutputs().headers['X-MS-APIM-Tokens']))['$ConnectionKey']","type":"Raw"}}},"Apply_to_each":{"foreach":"@body('List_all_to-do_lists_(V2)')","actions":{"Condition":{"actions":{"List_to-do's_by_folder_(V2)":{"runAfter":{},"metadata":{"operationMetadataId":"9b4cad9e-5c7e-4d1e-a8e8-36c22f4b05e2"},"type":"OpenApiConnection","inputs":{"host":{"apiId":"/providers/Microsoft.PowerApps/apis/shared_todo","connectionName":"shared_todo","operationId":"ListToDosByFolderV2"},"parameters":{"folderId":"@item()?['id']","$top":999},"authentication":{"value":"@json(decodeBase64(triggerOutputs().headers['X-MS-APIM-Tokens']))['$ConnectionKey']","type":"Raw"}}},"Apply_to_each_3":{"foreach":"@body('List_to-do''s_by_folder_(V2)')","actions":{"Condition_2":{"actions":{"Delete_to-do_(V2)":{"runAfter":{},"metadata":{"operationMetadataId":"d294d977-811d-4ec3-b88b-662acd4be4e3"},"type":"OpenApiConnection","inputs":{"host":{"apiId":"/providers/Microsoft.PowerApps/apis/shared_todo","connectionName":"shared_todo","operationId":"DeleteToDoV2"},"parameters":{"folderId":"@item()?['id']","id":"@item()?['id']"},"authentication":{"value":"@json(decodeBase64(triggerOutputs().headers['X-MS-APIM-Tokens']))['$ConnectionKey']","type":"Raw"}}}},"runAfter":{},"expression":{"and":[{"equals":["@item()?['status']","completed"]},{"less":["@item()?['completedDateTime/dateTime']","@body('Get_past_time')"]}]},"metadata":{"operationMetadataId":"ee577b3d-961a-4085-a3c8-beb7b8204959"},"type":"If"}},"runAfter":{"List_to-do's_by_folder_(V2)":["Succeeded"]},"metadata":{"operationMetadataId":"4e3fcbc4-90a6-485a-a843-7360e7a5c674"},"type":"Foreach"}},"runAfter":{},"expression":{"or":[{"equals":["@item()?['wellknownListName']","flaggedEmails"]},{"equals":["@item()?['wellknownListName']","defaultList"]}]},"metadata":{"operationMetadataId":"5192eaf9-0369-4e23-a0b4-3a297d20df31"},"type":"If"}},"runAfter":{"Get_past_time":["Succeeded"]},"metadata":{"operationMetadataId":"6aeea62a-3087-46de-9e12-37ad2e0cfdaa"},"type":"Foreach"},"Get_past_time":{"runAfter":{"List_all_to-do_lists_(V2)":["Succeeded"]},"metadata":{"operationMetadataId":"12802d2a-576d-4179-b8a9-44125648bb41"},"type":"Expression","kind":"GetPastTime","inputs":{"interval":5,"timeUnit":"Day"}}}},"connectionReferences":{"shared_todo":{"connectionName":"623068ea34124b5c981cc5ba109f446e","source":"Invoker","id":"/providers/Microsoft.PowerApps/apis/shared_todo","tier":"NotSpecified"}},"flowFailureAlertSubscribed":false,"isManaged":false}}