<ImportExportXml xmlns:xsi="http://www.w3.org/2001/XMLSchema-instance">
  <Entities></Entities>
  <Roles></Roles>
  <Workflows>
    <Workflow WorkflowId="{1937c565-1b70-ee11-9ae7-000d3adf62fb}" Name="CancelFocusTimeCalendarEventV2">
      <JsonFileName>/Workflows/CancelFocusTimeCalendarEventV2-1937C565-1B70-EE11-9AE7-000D3ADF62FB.json</JsonFileName>
      <Type>1</Type>
      <Subprocess>0</Subprocess>
      <Category>5</Category>
      <Mode>0</Mode>
      <Scope>4</Scope>
      <OnDemand>0</OnDemand>
      <TriggerOnCreate>0</TriggerOnCreate>
      <TriggerOnDelete>0</TriggerOnDelete>
      <AsyncAutodelete>0</AsyncAutodelete>
      <SyncWorkflowLogOnFailure>0</SyncWorkflowLogOnFailure>
      <StateCode>1</StateCode>
      <StatusCode>2</StatusCode>
      <RunAs>1</RunAs>
      <IsTransacted>1</IsTransacted>
      <IntroducedVersion>1.0.0.0</IntroducedVersion>
      <IsCustomizable>1</IsCustomizable>
      <BusinessProcessType>0</BusinessProcessType>
      <IsCustomProcessingStepAllowedForOtherPublishers>1</IsCustomProcessingStepAllowedForOtherPublishers>
      <PrimaryEntity>none</PrimaryEntity>
      <LocalizedNames>
        <LocalizedName languagecode="1031" description="CancelFocusTimeCalendarEventV2" />
      </LocalizedNames>
    </Workflow>
    <Workflow WorkflowId="{e0dce4af-1d70-ee11-9ae7-000d3adf62fb}" Name="RescheduleFocusTimeCalendarEventV2">
      <JsonFileName>/Workflows/RescheduleFocusTimeCalendarEventV2-E0DCE4AF-1D70-EE11-9AE7-000D3ADF62FB.json</JsonFileName>
      <Type>1</Type>
      <Subprocess>0</Subprocess>
      <Category>5</Category>
      <Mode>0</Mode>
      <Scope>4</Scope>
      <OnDemand>0</OnDemand>
      <TriggerOnCreate>0</TriggerOnCreate>
      <TriggerOnDelete>0</TriggerOnDelete>
      <AsyncAutodelete>0</AsyncAutodelete>
      <SyncWorkflowLogOnFailure>0</SyncWorkflowLogOnFailure>
      <StateCode>1</StateCode>
      <StatusCode>2</StatusCode>
      <RunAs>1</RunAs>
      <IsTransacted>1</IsTransacted>
      <IntroducedVersion>1.0.0.0</IntroducedVersion>
      <IsCustomizable>1</IsCustomizable>
      <BusinessProcessType>0</BusinessProcessType>
      <IsCustomProcessingStepAllowedForOtherPublishers>1</IsCustomProcessingStepAllowedForOtherPublishers>
      <PrimaryEntity>none</PrimaryEntity>
      <LocalizedNames>
        <LocalizedName languagecode="1031" description="RescheduleFocusTimeCalendarEventV2" />
      </LocalizedNames>
    </Workflow>
    <Workflow WorkflowId="{716c7412-3e70-ee11-9ae7-000d3adf62fb}" Name="ReorganizeToDoTasksEvent">
      <JsonFileName>/Workflows/ReorganizeToDoTasksEvent-716C7412-3E70-EE11-9AE7-000D3ADF62FB.json</JsonFileName>
      <Type>1</Type>
      <Subprocess>0</Subprocess>
      <Category>5</Category>
      <Mode>0</Mode>
      <Scope>4</Scope>
      <OnDemand>0</OnDemand>
      <TriggerOnCreate>0</TriggerOnCreate>
      <TriggerOnDelete>0</TriggerOnDelete>
      <AsyncAutodelete>0</AsyncAutodelete>
      <SyncWorkflowLogOnFailure>0</SyncWorkflowLogOnFailure>
      <StateCode>1</StateCode>
      <StatusCode>2</StatusCode>
      <RunAs>1</RunAs>
      <IsTransacted>1</IsTransacted>
      <IntroducedVersion>1.0.0.0</IntroducedVersion>
      <IsCustomizable>1</IsCustomizable>
      <BusinessProcessType>0</BusinessProcessType>
      <IsCustomProcessingStepAllowedForOtherPublishers>1</IsCustomProcessingStepAllowedForOtherPublishers>
      <PrimaryEntity>none</PrimaryEntity>
      <LocalizedNames>
        <LocalizedName languagecode="1031" description="ReorganizeToDoTasksEvent" />
      </LocalizedNames>
    </Workflow>
  </Workflows>
  <FieldSecurityProfiles></FieldSecurityProfiles>
  <Templates />
  <EntityMaps />
  <EntityRelationships />
  <OrganizationSettings />
  <optionsets />
  <CustomControls />
  <EntityDataProviders />
  <CanvasApps>
    <CanvasApp>
      <Name>downardo_mydaytoday_246a7</Name>
      <AppVersion>2023-10-21T18:23:22Z</AppVersion>
      <Status>Ready</Status>
      <CreatedByClientVersion>3.23102.16.0</CreatedByClientVersion>
      <MinClientVersion>3.23102.16.0</MinClientVersion>
      <Tags>{"minimumRequiredApiVersion":"2.2.0","sienaVersion":"20231021T180306Z-3.23102.16.0","primaryDeviceWidth":"1366","primaryDeviceHeight":"768","deviceCapabilities":"","supportsPortrait":"false","supportsLandscape":"true","primaryFormFactor":"Tablet","publisherVersion":"3.23102.16","hasComponent":"false","hasUnlockedComponent":"false","isUnifiedRootApp":"false","showStatusBar":"false"}</Tags>
      <IsCdsUpgraded>0</IsCdsUpgraded>
      <GalleryItemId xsi:nil="true"></GalleryItemId>
      <BackgroundColor>rgba(0, 176, 240, 1)</BackgroundColor>
      <DisplayName>My Day Today</DisplayName>
      <Description xsi:nil="true"></Description>
      <CommitMessage xsi:nil="true"></CommitMessage>
      <Publisher xsi:nil="true"></Publisher>
      <AuthorizationReferences>[]</AuthorizationReferences>
      <ConnectionReferences>{"7e0456f3-4d0a-4109-a213-a36b81eedb19":{"id":"/providers/microsoft.powerapps/apis/shared_office365","displayName":"Office 365 Outlook","iconUri":"https://connectoricons-prod.azureedge.net/releases/v1.0.1659/1.0.1659.3460/office365/icon.png","dataSources":["Office365"],"dependencies":[],"dependents":[],"parameterHints":{},"parameterHintsV2":{},"isOnPremiseConnection":false,"bypassConsent":false,"dataSets":{},"apiTier":"Standard","actions":["CalendarGetTables","GetEventsCalendarViewV2"]},"e3995831-d68c-40e4-88a3-3bb534077dcb":{"id":"/providers/microsoft.powerapps/apis/shared_outlooktasks","displayName":"Outlook Tasks","iconUri":"https://connectoricons-prod.azureedge.net/releases/v1.0.1627/1.0.1627.3238/outlooktasks/icon.png","dataSources":["OutlookTasks"],"dependencies":[],"dependents":[],"parameterHints":{},"parameterHintsV2":{},"isOnPremiseConnection":false,"bypassConsent":false,"dataSets":{},"apiTier":"Standard"},"4fd13709-5953-4430-a0f3-7d3d5b7a6cfc":{"id":"/providers/microsoft.powerapps/apis/shared_rss","displayName":"RSS","iconUri":"https://connectoricons-prod.azureedge.net/u/henryorsborn/partial-builds/asev3migrations-with-resourceTemplate/1.0.1653.3414/rss/icon.png","dataSources":["RSS"],"dependencies":[],"dependents":[],"parameterHints":{},"parameterHintsV2":{},"isOnPremiseConnection":false,"bypassConsent":false,"dataSets":{},"apiTier":"Standard","actions":["ListFeedItems"]},"bd22dd39-37d3-4b35-a2e5-c54d395428e3":{"id":"/providers/microsoft.powerapps/apis/shared_logicflows","displayName":"Logic flows","iconUri":"https://connectoricons-prod.azureedge.net/releases/v1.0.1664/1.0.1664.3477/logicflows/icon.png","dataSources":["CancelFocusTimeCalendarEventV2"],"dependencies":["287cf75c-85df-4119-b6f8-7e2fa9008688"],"dependents":[],"parameterHints":{"workflowName":{"value":"0083ab20-fb58-409a-8983-1c5fa22b51c0"},"workflowEntityId":{"value":"1937c565-1b70-ee11-9ae7-000d3adf62fb"},"287cf75c-85df-4119-b6f8-7e2fa9008688":{"value":"shared_office365_1"}},"parameterHintsV2":{"workflowName":{"value":"0083ab20-fb58-409a-8983-1c5fa22b51c0"},"workflowEntityId":{"value":"1937c565-1b70-ee11-9ae7-000d3adf62fb"},"shared_office365_1":{"value":"287cf75c-85df-4119-b6f8-7e2fa9008688"}},"isOnPremiseConnection":false,"bypassConsent":false,"dataSets":{},"apiTier":"Standard","actions":["Run"]},"287cf75c-85df-4119-b6f8-7e2fa9008688":{"id":"/providers/microsoft.powerapps/apis/shared_office365","displayName":"Office 365 Outlook","iconUri":"https://connectoricons-prod.azureedge.net/releases/v1.0.1659/1.0.1659.3460/office365/icon.png","dataSources":[],"dependencies":[],"dependents":["bd22dd39-37d3-4b35-a2e5-c54d395428e3","715fb7b6-0739-42e5-b9dc-a6f625629a5e"],"parameterHints":{},"parameterHintsV2":{},"isOnPremiseConnection":false,"bypassConsent":false,"dataSets":{},"apiTier":"Standard"},"715fb7b6-0739-42e5-b9dc-a6f625629a5e":{"id":"/providers/microsoft.powerapps/apis/shared_logicflows","displayName":"Logic flows","iconUri":"https://connectoricons-prod.azureedge.net/releases/v1.0.1664/1.0.1664.3477/logicflows/icon.png","dataSources":["RescheduleFocusTimeCalendarEventV2"],"dependencies":["287cf75c-85df-4119-b6f8-7e2fa9008688"],"dependents":[],"parameterHints":{"workflowName":{"value":"afd6dadf-410c-445e-b3a4-a8a279a40f26"},"workflowEntityId":{"value":"e0dce4af-1d70-ee11-9ae7-000d3adf62fb"},"287cf75c-85df-4119-b6f8-7e2fa9008688":{"value":"shared_office365"}},"parameterHintsV2":{"workflowName":{"value":"afd6dadf-410c-445e-b3a4-a8a279a40f26"},"workflowEntityId":{"value":"e0dce4af-1d70-ee11-9ae7-000d3adf62fb"},"shared_office365":{"value":"287cf75c-85df-4119-b6f8-7e2fa9008688"}},"isOnPremiseConnection":false,"bypassConsent":false,"dataSets":{},"apiTier":"Standard","actions":["Run"]},"e05318b8-2cd2-4fb9-a7eb-1247c079ca79":{"id":"/providers/microsoft.powerapps/apis/shared_todo","displayName":"Microsoft To-Do (Business)","iconUri":"https://connectoricons-prod.azureedge.net/releases/v1.0.1646/1.0.1646.3354/todo/icon.png","dataSources":["MicrosoftTo-Do(Business)"],"dependencies":[],"dependents":["8da14e42-312b-4a1e-917f-392a750d6c05"],"parameterHints":{},"parameterHintsV2":{},"isOnPremiseConnection":false,"bypassConsent":false,"dataSets":{},"apiTier":"Standard","actions":["GetAllTodoListsV2","ListToDosByFolderV2","UpdateToDoV2"]},"8da14e42-312b-4a1e-917f-392a750d6c05":{"id":"/providers/microsoft.powerapps/apis/shared_logicflows","displayName":"Logic flows","iconUri":"https://connectoricons-prod.azureedge.net/releases/v1.0.1664/1.0.1664.3477/logicflows/icon.png","dataSources":["ReorganizeToDoTasksEvent"],"dependencies":["e05318b8-2cd2-4fb9-a7eb-1247c079ca79"],"dependents":[],"parameterHints":{"workflowName":{"value":"62e0fb12-bfb6-4048-899b-1c8338961b33"},"workflowEntityId":{"value":"716c7412-3e70-ee11-9ae7-000d3adf62fb"},"e05318b8-2cd2-4fb9-a7eb-1247c079ca79":{"value":"shared_todo"}},"parameterHintsV2":{"workflowName":{"value":"62e0fb12-bfb6-4048-899b-1c8338961b33"},"workflowEntityId":{"value":"716c7412-3e70-ee11-9ae7-000d3adf62fb"},"shared_todo":{"value":"e05318b8-2cd2-4fb9-a7eb-1247c079ca79"}},"isOnPremiseConnection":false,"bypassConsent":false,"dataSets":{},"apiTier":"Standard","actions":["Run"]}}</ConnectionReferences>
      <DatabaseReferences>{}</DatabaseReferences>
      <AppComponents>[]</AppComponents>
      <AppComponentDependencies>[]</AppComponentDependencies>
      <CanConsumeAppPass>1</CanConsumeAppPass>
      <CanvasAppType>0</CanvasAppType>
      <BypassConsent>0</BypassConsent>
      <AdminControlBypassConsent>0</AdminControlBypassConsent>
      <EmbeddedApp xsi:nil="true"></EmbeddedApp>
      <IntroducedVersion>1.0</IntroducedVersion>
      <CdsDependencies>{"cdsdependencies":[{"dependencyid":"1937c565-1b70-ee11-9ae7-000d3adf62fb","componenttype":29,"componenttypeplatformname":"Workflow"},{"dependencyid":"e0dce4af-1d70-ee11-9ae7-000d3adf62fb","componenttype":29,"componenttypeplatformname":"Workflow"},{"dependencyid":"716c7412-3e70-ee11-9ae7-000d3adf62fb","componenttype":29,"componenttypeplatformname":"Workflow"}]}</CdsDependencies>
      <IsCustomizable>1</IsCustomizable>
      <BackgroundImageUri>/CanvasApps/downardo_mydaytoday_246a7_BackgroundImageUri</BackgroundImageUri>
      <DocumentUri>/CanvasApps/downardo_mydaytoday_246a7_DocumentUri.msapp</DocumentUri>
    </CanvasApp>
  </CanvasApps>
  <connectionreferences>
    <connectionreference connectionreferencelogicalname="downardo_MicrosoftToDoBusiness">
      <connectionreferencedisplayname>MicrosoftToDoBusiness</connectionreferencedisplayname>
      <connectorid>/providers/Microsoft.PowerApps/apis/shared_todo</connectorid>
      <iscustomizable>1</iscustomizable>
      <statecode>0</statecode>
      <statuscode>1</statuscode>
    </connectionreference>
    <connectionreference connectionreferencelogicalname="downardo_sharedoffice365_22c3b">
      <connectionreferencedisplayname>Office 365 Connection Reference</connectionreferencedisplayname>
      <connectorid>/providers/Microsoft.PowerApps/apis/shared_office365</connectorid>
      <iscustomizable>1</iscustomizable>
      <statecode>0</statecode>
      <statuscode>1</statuscode>
    </connectionreference>
  </connectionreferences>
  <Languages>
    <Language>1031</Language>
  </Languages>
</ImportExportXml>